Usuario,ID del tweet,Contenido
JDOviedoA,1691809045982667052,"La autoridad no es imponerse o hablar duro, es actuar con #legitimidad. Con nuestro plan de choque de 100 d√≠as, recuperaremos la #confianza ciudadana, transformando localidades y reduciendo los √≠ndices de inseguridad.üí™üèôÔ∏è#OviedoCabezaYCoraz√≥n https://t.co/ebmpF1NxS0"
JDOviedoA,1691835397641314426,"Lo que promovemos es un modelo gerencial para #Bogot√°: en Seguridad necesitamos autoridad y gerencia. En los primeros 100 d√≠as vamos a tener Puestos de Mando Unificado en 5 localidades, 24/7 para afrontar la criminalidad y desmantelarlos."
JDOviedoA,1691848516111401398,"No podemos permitir que sigan ‚Äújugando‚Äù con los habitantes de #Bogot√°, a trav√©s del tema del tranv√≠a o las mil formas del Metro y su primera l√≠nea, eso ya est√°."
JDOviedoA,1689569273826377729,"If you own a mouse, you will never turn off your computer again."
JDOviedoA,1691847076714340620,"RT @CaracolRadio: #VanessaPreg√∫nteleAOviedo @JDOviedoA En 10 AM Hoy por Hoy el candidato Juan Daniel Oviedo respondi√≥ a preguntas al azar y asegur√≥ que esa zona, de la localidad de Usme, est√° abandonada"
JDOviedoA,1691846596156162179,"#VanessaPreg√∫nteleAOviedo @JDOviedoA En 10 AM Hoy por Hoy el candidato Juan Daniel Oviedo respondi√≥ a preguntas al azar y asegur√≥ que esa zona, de la localidad de Usme, est√° abandonada"
JDOviedoA,1691842257266090048,"RT @vanedelatorre: @CarlosFGalan @GustavoBolivar @JDOviedoA @petrogustavo üìª ‚ÄúLo que m√°s me ha sorprendido en la vida ha sido conocer el amor de vida en la calle, ya llevamos 12 a√±os con Sebasti√°n‚Äù: @JDOviedoA, candidato a la Alcald√≠a de Bogot√°."
JDOviedoA,1691842010288677200,"@CarlosFGalan @GustavoBolivar @JDOviedoA @petrogustavo üìª ‚ÄúLo que m√°s me ha sorprendido en la vida ha sido conocer el amor de vida en la calle, ya llevamos 12 a√±os con Sebasti√°n‚Äù: @JDOviedoA, candidato a la Alcald√≠a de Bogot√°."
JDOviedoA,1691836423559668187,"RT @vanedelatorre: @CarlosFGalan @GustavoBolivar @JDOviedoA @petrogustavo üìª ‚ÄúLo que necesita Bogot√° en t√©rminos de seguridad es gerencia‚Äù: @JDOviedoA, candidato a la Alcald√≠a de Bogot√°."
JDOviedoA,1691834751202562293,"@CarlosFGalan @GustavoBolivar @JDOviedoA @petrogustavo üìª ‚ÄúLo que necesita Bogot√° en t√©rminos de seguridad es gerencia‚Äù: @JDOviedoA, candidato a la Alcald√≠a de Bogot√°."
JDOviedoA,1687652389980114944,RT @FIFAWWC: The Round of 16 is ON! üèÜüî•
JDOviedoA,1687652105576964096,The Round of 16 is ON! üèÜüî•
JDOviedoA,1691831846424678528,"RT @CaracolRadio: #EnVivo ‚ÄúFui el mejor estudiante siempre, el nerd‚Äù: @JDOviedoA, candidato a la Alcald√≠a de Bogot√°."
JDOviedoA,1691831771011145976,"#EnVivo ‚ÄúFui el mejor estudiante siempre, el nerd‚Äù: @JDOviedoA, candidato a la Alcald√≠a de Bogot√°."
JDOviedoA,1691830642437226947,"RT @CaracolRadio: #EnVivo ‚ÄúCrec√≠ alrededor del amor de mi mam√°‚Äù: @JDOviedoA, candidato a la Alcald√≠a de Bogot√°"
JDOviedoA,1691830408659280008,"#EnVivo ‚ÄúCrec√≠ alrededor del amor de mi mam√°‚Äù: @JDOviedoA, candidato a la Alcald√≠a de Bogot√°"
JDOviedoA,1691827572240269551,"üëãüèºHolaaa, en minutos con @vanedelatorre en @CaracolRadio, as√≠ que los invito a conectarse, a acompa√±arme y a enviar sus preguntas con el HT #VanessaPreg√∫nteleAOviedo. ü§©‚ö°Ô∏è"
JDOviedoA,1691824601121087621,"RT @vanedelatorre: En minutos inicia #10AM de @CaracolRadio. Hablaremos con los candidatos a la Alcald√≠a de Bogot√° @CarlosFGalan, @GustavoBolivar y @JDOviedoA. Sus comentarios con"
JDOviedoA,1691824390193725447,"En minutos inicia #10AM de @CaracolRadio. Hablaremos con los candidatos a la Alcald√≠a de Bogot√° @CarlosFGalan, @GustavoBolivar y @JDOviedoA. Sus comentarios con"
JDOviedoA,1689604757126598656,We are excited to see our recent study featured by @Infobae in its Spanish report on top five #RNA applications!
JDOviedoA,1691817351639884217,RT @CaracolRadio: Los candidatos a la Alcald√≠a de Bogot√° @CarlosFGalan @GustavoBolivar y @JDOviedoA se destapan en #10AM este mi√©rcoles 16 de agosto. Conozca sus propuestas y lo que har√≠an en caso de ganar las elecciones.
JDOviedoA,1691817085435834723,Los candidatos a la Alcald√≠a de Bogot√° @CarlosFGalan @GustavoBolivar y @JDOviedoA se destapan en #10AM este mi√©rcoles 16 de agosto. Conozca sus propuestas y lo que har√≠an en caso de ganar las elecciones.
JDOviedoA,1691817148128145438,"RT @JDOviedoA: La autoridad no es imponerse o hablar duro, es actuar con #legitimidad. Con nuestro plan de choque de 100 d√≠as, recuperaremos la #confianza ciudadana, transformando localidades y reduciendo los √≠ndices de inseguridad.üí™üèôÔ∏è#OviedoCabezaYCoraz√≥n https://t.co/ebmpF1NxS0"
JDOviedoA,1691816846305931403,RT @vanedelatorre: #VanessaPreg√∫nteleAGal√°n
JDOviedoA,1691816447738020277,#VanessaPreg√∫nteleAGal√°n
JDOviedoA,1691814412783341992,@vanedelatorre @CarlosFGalan @GustavoBolivar @JDOviedoA @CaracolRadio #VanessaPregunt√©leAGal√°n ¬øCu√°l va ser el plan de trabajo con las cerca de 1780 Juntas de Acci√≥n Comunal y unos 600.000 afiliados a estas organizaciones que tenemos en la ciudad?
JDOviedoA,1691816777276080316,RT @vanedelatorre: Todas sus preguntas hoy a @CarlosFGalan las recibimos con #VanessaPreg√∫nteleAGal√°n. Nos vemos en minutos al aire en #10AM de @CaracolRadio. https://t.co/PrZEaAMuFH
JDOviedoA,1691816398694027462,Todas sus preguntas hoy a @CarlosFGalan las recibimos con #VanessaPreg√∫nteleAGal√°n. Nos vemos en minutos al aire en #10AM de @CaracolRadio. https://t.co/PrZEaAMuFH
JDOviedoA,1691809729071223253,RT @darcyquinnr: #UnVerdaderoCambioEs pagar el pasaje de transmilenio
JDOviedoA,1691768991696494661,#UnVerdaderoCambioEs pagar el pasaje de transmilenio
JDOviedoA,1691450903440904193,Transmilenio.
JDOviedoA,1691809542772847079,RT @vanedelatorre: #VanessaPreg√∫nteleAOviedo
JDOviedoA,1691806610916565265,#VanessaPreg√∫nteleAOviedo
JDOviedoA,1691802057202692369,@vanedelatorre @vanedelatorre #VanessaPreg√∫nteleAOviedo si le gusta montar en transmilenio y que har√≠a para la seguridad en el mismo @JDOviedoA
JDOviedoA,1691809387654819950,RT @vanedelatorre: ¬øQu√© le preocupa de Bogot√°? Preg√∫ntele a los candidatos a la Alcald√≠a de Bogot√° por su inquietud.
JDOviedoA,1691805425593631213,¬øQu√© le preocupa de Bogot√°? Preg√∫ntele a los candidatos a la Alcald√≠a de Bogot√° por su inquietud.
JDOviedoA,1691809021815030003,"RT @mauroarroyave: Ayer un amigo bot√≥ el celular en Bogot√°. Cuando llamamos a su tel√©fono perdido, contest√≥ un se√±or  decente que nos devolvi√≥ el celular. Ni siquiera quiso recibir una recompensa. Por qu√© no contamos casos similares, para sanar un poco esta alma asustada que tenemos en esta ciudad?"
JDOviedoA,1691808914579275778,"Ayer un amigo bot√≥ el celular en Bogot√°. Cuando llamamos a su tel√©fono perdido, contest√≥ un se√±or  decente que nos devolvi√≥ el celular. Ni siquiera quiso recibir una recompensa. Por qu√© no contamos casos similares, para sanar un poco esta alma asustada que tenemos en esta ciudad?"
JDOviedoA,1691792190014382279,RT @daviddiazarte: Liberense de ideolog√≠as y voten por propuestas.
JDOviedoA,1691791472197042463,Liberense de ideolog√≠as y voten por propuestas.
JDOviedoA,1691792131545784645,"RT @Siano38628837: @JDOviedoA Nos falto tu visita por engativa, los cerezos, queremos que sea la persona qye nos saque de esta crisis que esta viviendo Bogot√°, mucho ladrones, muchos femenisidios, ley dura estilo japon. Confiamos en ti Oviedo, üôèüëçüí™"
JDOviedoA,1690520416874323969,"@JDOviedoA Nos falto tu visita por engativa, los cerezos, queremos que sea la persona qye nos saque de esta crisis que esta viviendo Bogot√°, mucho ladrones, muchos femenisidios, ley dura estilo japon. Confiamos en ti Oviedo, üôèüëçüí™"
JDOviedoA,1691809045982667052,"La autoridad no es imponerse o hablar duro, es actuar con #legitimidad. Con nuestro plan de choque de 100 d√≠as, recuperaremos la #confianza ciudadana, transformando localidades y reduciendo los √≠ndices de inseguridad.üí™üèôÔ∏è#OviedoCabezaYCoraz√≥n https://t.co/ebmpF1NxS0"
JDOviedoA,1691791727722430964,RT @vanedelatorre: #VanessaPreg√∫nteleAGal√°n
JDOviedoA,1691785023199060326,#VanessaPreg√∫nteleAGal√°n
JDOviedoA,1691784633841594394,@vanedelatorre @CarlosFGalan #VanessaPregunteleAGalan porqu√© siempre habl√° del gobierno nacional y no se enfoca en propuestas reales para la capital.
JDOviedoA,1639341560910209042,"If you own a mouse, you will never turn off your computer again."
JDOviedoA,1691791663352471619,RT @vanedelatorre: #VanessaPreg√∫nteleAOviedo
JDOviedoA,1691790970843541860,#VanessaPreg√∫nteleAOviedo
JDOviedoA,1691786784022131133,"Que hacemos con el IDU, es una entidad que no da resultados, obras abandonados, contratistas irreponsables, y peor a√∫n le siguen otorgando contratos."
JDOviedoA,1691791574311526412,RT @vanedelatorre: Hoy en #10AM tendremos nuestra conversaci√≥n con tres de los candidatos a la Alcald√≠a de Bogot√°. Me pueden dejar sus preguntas a los candidatos con #VanessaPreg√∫nteleAGal√°n #VanessaPreg√∫nteleABol√≠var #VanessaPreg√∫nteleAOviedo https://t.co/8F6iwVm3hq
JDOviedoA,1691782101962539507,Hoy en #10AM tendremos nuestra conversaci√≥n con tres de los candidatos a la Alcald√≠a de Bogot√°. Me pueden dejar sus preguntas a los candidatos con #VanessaPreg√∫nteleAGal√°n #VanessaPreg√∫nteleABol√≠var #VanessaPreg√∫nteleAOviedo https://t.co/8F6iwVm3hq
JDOviedoA,1691791554480836818,RT @vanedelatorre: #VanessaPreg√∫nteleAOviedo
JDOviedoA,1691790144116789686,#VanessaPreg√∫nteleAOviedo
JDOviedoA,1691789838041665776,@vanedelatorre Obvio vamos con Oviedo
JDOviedoA,1691791498105311528,RT @vanedelatorre: ¬øQu√© proponen los candidatos a la Alcald√≠a de Bogot√° en cuanto a seguridad? Hoy en #10AM con @JDOviedoA @CarlosFGalan @GustavoBolivar
JDOviedoA,1691791432929993065,¬øQu√© proponen los candidatos a la Alcald√≠a de Bogot√° en cuanto a seguridad? Hoy en #10AM con @JDOviedoA @CarlosFGalan @GustavoBolivar
JDOviedoA,1681619344466358273,Qu√© lee la gente en este momento? Cambie las columnas de chismes por educaci√≥n financiera gratuita.
JDOviedoA,1691785320667431241,"RT @vanedelatorre: El candidato a la Alcald√≠a de Bogot√°, @JDOviedoA, hoy nos acompa√±ar√° en #10AM. ¬øQu√© mensaje quiere hacerle llegar? Lo leemos con #VanessaPreg√∫nteleAOviedo https://t.co/CHBBcDXKNq"
JDOviedoA,1691784479117824352,"El candidato a la Alcald√≠a de Bogot√°, @JDOviedoA, hoy nos acompa√±ar√° en #10AM. ¬øQu√© mensaje quiere hacerle llegar? Lo leemos con #VanessaPreg√∫nteleAOviedo https://t.co/CHBBcDXKNq"
JDOviedoA,1691753687784296822,RT @Jesus_lamouroux: ¬øPor qui√©n votar√°n para la alcald√≠a de #Bogot√° este 29 de octubre?
JDOviedoA,1691570598353228227,¬øPor qui√©n votar√°n para la alcald√≠a de #Bogot√° este 29 de octubre?
JDOviedoA,1691753540966813929,RT @Canal1Colombia: #SinCarreta #Video | Juan Daniel Oviedo es el primer candidato a la Alcald√≠a de Bogot√° que se le mide a sentarse frente al pol√≠grafo. https://t.co/U30PrOqfDA
JDOviedoA,1691608749033902413,#SinCarreta #Video | Juan Daniel Oviedo es el primer candidato a la Alcald√≠a de Bogot√° que se le mide a sentarse frente al pol√≠grafo. https://t.co/U30PrOqfDA
JDOviedoA,1691753421269856336,RT @Canal1Colombia: #LoM√°sVisto #SinCarreta | Varios usuarios se encuentran inconformes con el incremento de los cobros de las plataformas de transporte
JDOviedoA,1691752185665614187,#LoM√°sVisto #SinCarreta | Varios usuarios se encuentran inconformes con el incremento de los cobros de las plataformas de transporte
JDOviedoA,1681792999771066375,1.Compra Cerveza Aguila y escanea el QR‚Äã
JDOviedoA,1691672155442782214,"RT @diegoedisson: @JDOviedoA @fceunal Eres el mejor principe ü§¥ a trabajar duro y estructurar un programa diferencial, innovador y contundente para ganarle a esas dos m√°quinarias"
JDOviedoA,1691650365144416319,"@JDOviedoA @fceunal Eres el mejor principe ü§¥ a trabajar duro y estructurar un programa diferencial, innovador y contundente para ganarle a esas dos m√°quinarias"
JDOviedoA,1691672133087150493,RT @jucear69: @JDOviedoA @fceunal C√âSAR ARIAS https://t.co/4D3xVeSqRT
JDOviedoA,1691627366416560153,@JDOviedoA @fceunal C√âSAR ARIAS https://t.co/4D3xVeSqRT
JDOviedoA,1691672025708847219,"RT @JDOviedoA: El modelo de gobernar que proponemos para #Bogot√° es reconocer las realidades, y garantizar la #seguridad con autoridad, la #movilidad con convivencia, la reducci√≥n de la pobreza con generaci√≥n de #empleo y emprendimiento."
JDOviedoA,1691624042539749462,"El modelo de gobernar que proponemos para #Bogot√° es reconocer las realidades, y garantizar la #seguridad con autoridad, la #movilidad con convivencia, la reducci√≥n de la pobreza con generaci√≥n de #empleo y emprendimiento."
JDOviedoA,1691647482915066283,RT @cjportillaj: @JuanKarlosVeneg @CarlosATierra @Siano38628837 @CxRamirezMiguel @aringind @JeissonRayo_Co @ConTodaBogota @JDOviedoA @knataliag @almaredondo22 @Yamidmerchan @JovenesOviedo @JDaniel_Oviedo_ @CamiloMartinezN @RobertGrajales_ @fansOviedoJuanD @JDOviedoAlcalde @amparopelaez @ROVIEDOA @Bogota @SoyJerome__ @FernanMartinez @julianclavijoo @Carlostamayo05 @FabianPardoR @rcnradio @Margari36127692 @gmedinaolarte @JulianArdilaB @MaytenOrtiz @ELTIEMPO @RevistaSemana @DieegoR10 @osomarcela @Niltorres_1 @Claudia049110 Am√©n y Am√©n
JDOviedoA,1691584537665360099,@JuanKarlosVeneg @CarlosATierra @Siano38628837 @CxRamirezMiguel @aringind @JeissonRayo_Co @ConTodaBogota @JDOviedoA @knataliag @almaredondo22 @Yamidmerchan @JovenesOviedo @JDaniel_Oviedo_ @CamiloMartinezN @RobertGrajales_ @fansOviedoJuanD @JDOviedoAlcalde @amparopelaez @ROVIEDOA @Bogota @SoyJerome__ @FernanMartinez @julianclavijoo @Carlostamayo05 @FabianPardoR @rcnradio @Margari36127692 @gmedinaolarte @JulianArdilaB @MaytenOrtiz @ELTIEMPO @RevistaSemana @DieegoR10 @osomarcela @Niltorres_1 @Claudia049110 Am√©n y Am√©n
JDOviedoA,1691647454268039183,RT @CarlosATierra: @cjportillaj @JuanKarlosVeneg @Siano38628837 @CxRamirezMiguel @aringind @JeissonRayo_Co @ConTodaBogota @JDOviedoA @knataliag @almaredondo22 @Yamidmerchan @JovenesOviedo @JDaniel_Oviedo_ @CamiloMartinezN @RobertGrajales_ @fansOviedoJuanD @JDOviedoAlcalde @amparopelaez @ROVIEDOA @Bogota @SoyJerome__ @FernanMartinez @julianclavijoo @Carlostamayo05 @FabianPardoR @rcnradio @Margari36127692 @gmedinaolarte @JulianArdilaB @MaytenOrtiz @ELTIEMPO @RevistaSemana @DieegoR10 @osomarcela @Niltorres_1 @Claudia049110 El Caballero de la Pol√≠tica... Se√±or Alcalde vamos a tener en Bogot√° Bogot√° Bogot√°
JDOviedoA,1691567138463494236,@cjportillaj @JuanKarlosVeneg @Siano38628837 @CxRamirezMiguel @aringind @JeissonRayo_Co @ConTodaBogota @JDOviedoA @knataliag @almaredondo22 @Yamidmerchan @JovenesOviedo @JDaniel_Oviedo_ @CamiloMartinezN @RobertGrajales_ @fansOviedoJuanD @JDOviedoAlcalde @amparopelaez @ROVIEDOA @Bogota @SoyJerome__ @FernanMartinez @julianclavijoo @Carlostamayo05 @FabianPardoR @rcnradio @Margari36127692 @gmedinaolarte @JulianArdilaB @MaytenOrtiz @ELTIEMPO @RevistaSemana @DieegoR10 @osomarcela @Niltorres_1 @Claudia049110 El Caballero de la Pol√≠tica... Se√±or Alcalde vamos a tener en Bogot√° Bogot√° Bogot√°
JDOviedoA,1691647442238816342,"RT @JuanKarlosVeneg: @CarlosATierra @cjportillaj @Siano38628837 @CxRamirezMiguel @aringind @JeissonRayo_Co @ConTodaBogota @JDOviedoA @knataliag @almaredondo22 @Yamidmerchan @JovenesOviedo @JDaniel_Oviedo_ @CamiloMartinezN @RobertGrajales_ @fansOviedoJuanD @JDOviedoAlcalde @amparopelaez @ROVIEDOA @Bogota @SoyJerome__ @FernanMartinez @julianclavijoo @Carlostamayo05 @FabianPardoR @rcnradio @Margari36127692 @gmedinaolarte @JulianArdilaB @MaytenOrtiz @ELTIEMPO @RevistaSemana @DieegoR10 @osomarcela @Niltorres_1 @Claudia049110 No es facil, pero lo vamos a lograr.."
JDOviedoA,1691569494911500798,"@CarlosATierra @cjportillaj @Siano38628837 @CxRamirezMiguel @aringind @JeissonRayo_Co @ConTodaBogota @JDOviedoA @knataliag @almaredondo22 @Yamidmerchan @JovenesOviedo @JDaniel_Oviedo_ @CamiloMartinezN @RobertGrajales_ @fansOviedoJuanD @JDOviedoAlcalde @amparopelaez @ROVIEDOA @Bogota @SoyJerome__ @FernanMartinez @julianclavijoo @Carlostamayo05 @FabianPardoR @rcnradio @Margari36127692 @gmedinaolarte @JulianArdilaB @MaytenOrtiz @ELTIEMPO @RevistaSemana @DieegoR10 @osomarcela @Niltorres_1 @Claudia049110 No es facil, pero lo vamos a lograr.."
JDOviedoA,1691647398857126251,RT @knataliag: @JDOviedoA Siempre hablando con la verdad. El que nada debe nada teme. https://t.co/8PJTtyD0h3
JDOviedoA,1691608410494550264,@JDOviedoA Siempre hablando con la verdad. El que nada debe nada teme. https://t.co/8PJTtyD0h3
JDOviedoA,1691647033529028722,RT @Liz___Abril: @JDOviedoA Feliz cumplea√±os a la m√°! üéâ
JDOviedoA,1691622122609660253,@JDOviedoA Feliz cumplea√±os a la m√°! üéâ
JDOviedoA,1691646997357289683,RT @bogota6deagosto: @JDOviedoA Felicitaciones a tu mam√° Daniel üéÇüåªüé∂
JDOviedoA,1691628095923523813,@JDOviedoA Felicitaciones a tu mam√° Daniel üéÇüåªüé∂
JDOviedoA,1691646971805569352,RT @LuisG7640184: @JDOviedoA Buenas noches Juan Daniel un fuerte abrazo para ella disfr√∫tala y mil bendiciones que cumpla muchos m√°s porque ellas tambi√©n hacen parte de la historia de Colombia.
JDOviedoA,1691607773954392315,@JDOviedoA Buenas noches Juan Daniel un fuerte abrazo para ella disfr√∫tala y mil bendiciones que cumpla muchos m√°s porque ellas tambi√©n hacen parte de la historia de Colombia.
JDOviedoA,1691646955720421696,RT @jucear69: @JDOviedoA C√âSAR ARIAS https://t.co/2zcacUjps2
JDOviedoA,1691632455277584496,@JDOviedoA C√âSAR ARIAS https://t.co/2zcacUjps2
JDOviedoA,1691809045982667052,"La autoridad no es imponerse o hablar duro, es actuar con #legitimidad. Con nuestro plan de choque de 100 d√≠as, recuperaremos la #confianza ciudadana, transformando localidades y reduciendo los √≠ndices de inseguridad.üí™üèôÔ∏è#OviedoCabezaYCoraz√≥n https://t.co/ebmpF1NxS0"
JDOviedoA,1691646939404636475,RT @JuanKarlosVeneg: @JDOviedoA Felicitaciones a tu querida madre.
JDOviedoA,1691606342635536477,@JDOviedoA Felicitaciones a tu querida madre.
JDOviedoA,1689569273772228608,"If you own a mouse, you will never turn off your computer again."
JDOviedoA,1691646924829454402,RT @Di_Serrano: @JDOviedoA Excelente Oviedo que reconozca a su madre.
JDOviedoA,1691645273901031729,@JDOviedoA Excelente Oviedo que reconozca a su madre.
JDOviedoA,1691646914524008480,RT @lucyaraujo812: @JDOviedoA Felicidades a tu querida mam√° que mi Dios y la vida la llenen de mucha salud üôè bendiciones ü•∞
JDOviedoA,1691627401745150156,@JDOviedoA Felicidades a tu querida mam√° que mi Dios y la vida la llenen de mucha salud üôè bendiciones ü•∞
JDOviedoA,1691646895326679294,"RT @caroortega24: @JDOviedoA Un abrazo a tu mami, con toda por Bogot√°"
JDOviedoA,1691612843798344161,"@JDOviedoA Un abrazo a tu mami, con toda por Bogot√°"
JDOviedoA,1691646864947335245,"RT @ROVIEDOA: @JDOviedoA La jefa, la que nos ense√±o que las metas se obtienen con esfuerzo, honestidad, sin demeritar a nadie, siempre acompa√±√°ndonos y d√°ndonos animo y fortaleza para no desfallecer en los objetivos que nos trazamos, ella es la riqueza de nuestra familia, gracias madre y feliz cumplea√±os"
JDOviedoA,1691607982360977654,"@JDOviedoA La jefa, la que nos ense√±o que las metas se obtienen con esfuerzo, honestidad, sin demeritar a nadie, siempre acompa√±√°ndonos y d√°ndonos animo y fortaleza para no desfallecer en los objetivos que nos trazamos, ella es la riqueza de nuestra familia, gracias madre y feliz cumplea√±os"
JDOviedoA,1691646817622999060,RT @lucilamejia53: @JDOviedoA https://t.co/rwUdzBS9DI
JDOviedoA,1691618332833681699,@JDOviedoA https://t.co/rwUdzBS9DI
JDOviedoA,1691646600072909136,RT @infobaecolombia: Juan Daniel Oviedo invit√≥ a los ciudadanos a no hacer comentarios de odio en su contra: lo se√±alan de ser uribista y politiquero https://t.co/UCB0dVHdhz
JDOviedoA,1691441360128380928,Juan Daniel Oviedo invit√≥ a los ciudadanos a no hacer comentarios de odio en su contra: lo se√±alan de ser uribista y politiquero https://t.co/UCB0dVHdhz
JDOviedoA,1691644236062392752,"RT @JDOviedoA: Un par√©ntesis. Hoy es el cumplea√±os de mi mam√°, quien con trabajo y honestidad nos sac√≥ adelante. Son muchas las valientes que as√≠ lo han hecho. Mi reconocimiento y agradecimiento siempre."
JDOviedoA,1691605594426200267,"Un par√©ntesis. Hoy es el cumplea√±os de mi mam√°, quien con trabajo y honestidad nos sac√≥ adelante. Son muchas las valientes que as√≠ lo han hecho. Mi reconocimiento y agradecimiento siempre."
JDOviedoA,1691624042539749462,"El modelo de gobernar que proponemos para #Bogot√° es reconocer las realidades, y garantizar la #seguridad con autoridad, la #movilidad con convivencia, la reducci√≥n de la pobreza con generaci√≥n de #empleo y emprendimiento."
JDOviedoA,1691619013497929964,RT @Canal1Colombia: Juan Daniel Oviedo es el primer candidato a la Alcald√≠a de Bogot√° que se le mide a sentarse frente al pol√≠grafo. ¬øPas√≥ la prueba? üîç
JDOviedoA,1691616506499743861,Juan Daniel Oviedo es el primer candidato a la Alcald√≠a de Bogot√° que se le mide a sentarse frente al pol√≠grafo. ¬øPas√≥ la prueba? üîç
JDOviedoA,1691601136719950262,RT @Canal1Colombia: Estamos en vivo üî¥ Siga la se√±al de Sin Carreta ac√°:https://t.co/sIgGGFTKgx
JDOviedoA,1691601063999107401,Estamos en vivo üî¥ Siga la se√±al de Sin Carreta ac√°:https://t.co/sIgGGFTKgx
JDOviedoA,1691600876798931435,RT @JulianArdilaB: #OviedoParaOreja en #Usaqu√©n. En la localidad la ciudadan√≠a habl√≥ sobre:
JDOviedoA,1691593613036093574,#OviedoParaOreja en #Usaqu√©n. En la localidad la ciudadan√≠a habl√≥ sobre:
JDOviedoA,1691588966212862288,RT @JDOviedoA: ü§©‚ö°Ô∏èEsto fue lo que hicimos la semana pasada:
JDOviedoA,1691557168858681563,ü§©‚ö°Ô∏èEsto fue lo que hicimos la semana pasada:
JDOviedoA,1691584605747281954,"RT @LuisFerMejia: Esta es la evoluci√≥n del crecimiento econ√≥mico postpandemia. Hoy tenemos un PIB 11,3% m√°s grande que en 2019, jalonado especialmente por el crecimiento del consumo privado. Lo preocupante es que la inversi√≥n no levanta cabeza, y tuvo su peor contracci√≥n en 16 a√±os (sin pandemia). https://t.co/usBrGPigqa"
JDOviedoA,1691584321352540459,"Esta es la evoluci√≥n del crecimiento econ√≥mico postpandemia. Hoy tenemos un PIB 11,3% m√°s grande que en 2019, jalonado especialmente por el crecimiento del consumo privado. Lo preocupante es que la inversi√≥n no levanta cabeza, y tuvo su peor contracci√≥n en 16 a√±os (sin pandemia). https://t.co/usBrGPigqa"
JDOviedoA,1691583887854494005,RT @amparopelaez: @CxRamirezMiguel @JDOviedoA ME GUSTAR√çA SABER Q SORPRESAS SE LLEV√ì EL CANDIDATO D ESTE RECORRIDO D 24 HORASX TODO BOGOT√Å.Q SUPO Q NO SAB√çA D BOGOT√Å .Q LE IMPACTO.CUAL FUE EL COM√öN DENOMINADOR Y SI HOMBRES Y MUJERES PIENSAN IGUAL O DISTINTO.Y EN Q PLAN ANDA LA JUVENTUD Y LOS ADULTOS MAYORES
JDOviedoA,1690798133582721024,@CxRamirezMiguel @JDOviedoA ME GUSTAR√çA SABER Q SORPRESAS SE LLEV√ì EL CANDIDATO D ESTE RECORRIDO D 24 HORASX TODO BOGOT√Å.Q SUPO Q NO SAB√çA D BOGOT√Å .Q LE IMPACTO.CUAL FUE EL COM√öN DENOMINADOR Y SI HOMBRES Y MUJERES PIENSAN IGUAL O DISTINTO.Y EN Q PLAN ANDA LA JUVENTUD Y LOS ADULTOS MAYORES
JDOviedoA,1691573674443231720,RT @RevistaSemana: üî¥ Vea lo que pas√≥ con el candidato Juan Daniel Oviedo: https://t.co/ywlMCvW5lj https://t.co/dOlbhQr5jS
JDOviedoA,1691526701820338176,üî¥ Vea lo que pas√≥ con el candidato Juan Daniel Oviedo: https://t.co/ywlMCvW5lj https://t.co/dOlbhQr5jS
JDOviedoA,1691563271734595792,RT @JulianArdilaB: Es con ideas y sin polarizaci√≥n que vamos a ganar esta carrera de #ConTodaPorBogot√° ü§ùüòé
JDOviedoA,1691243609528438784,Es con ideas y sin polarizaci√≥n que vamos a ganar esta carrera de #ConTodaPorBogot√° ü§ùüòé
JDOviedoA,1691563215828771209,RT @julianclavijoo: Sin ustedes no hubieran sido posible.
JDOviedoA,1691435006168608768,Sin ustedes no hubieran sido posible.
JDOviedoA,1691563188167266786,"RT @cjportillaj: @JuanKarlosVeneg @Siano38628837 @CxRamirezMiguel @aringind @JeissonRayo_Co @ConTodaBogota @JDOviedoA @knataliag @almaredondo22 @Yamidmerchan @JovenesOviedo @JDaniel_Oviedo_ @CamiloMartinezN @RobertGrajales_ @fansOviedoJuanD @JDOviedoAlcalde @amparopelaez @ROVIEDOA @Bogota @SoyJerome__ @FernanMartinez @CarlosATierra @julianclavijoo @Carlostamayo05 @FabianPardoR @rcnradio @Margari36127692 @CAMACOLBOGOTA @gmedinaolarte @JulianArdilaB @MaytenOrtiz @ELTIEMPO @RevistaSemana @DieegoR10 @osomarcela @Niltorres_1 @Claudia049110 Muy bien @JDOviedoA, concentrado en datos y soluciones"
JDOviedoA,1691036436303155201,"@JuanKarlosVeneg @Siano38628837 @CxRamirezMiguel @aringind @JeissonRayo_Co @ConTodaBogota @JDOviedoA @knataliag @almaredondo22 @Yamidmerchan @JovenesOviedo @JDaniel_Oviedo_ @CamiloMartinezN @RobertGrajales_ @fansOviedoJuanD @JDOviedoAlcalde @amparopelaez @ROVIEDOA @Bogota @SoyJerome__ @FernanMartinez @CarlosATierra @julianclavijoo @Carlostamayo05 @FabianPardoR @rcnradio @Margari36127692 @CAMACOLBOGOTA @gmedinaolarte @JulianArdilaB @MaytenOrtiz @ELTIEMPO @RevistaSemana @DieegoR10 @osomarcela @Niltorres_1 @Claudia049110 Muy bien @JDOviedoA, concentrado en datos y soluciones"
JDOviedoA,1691809045982667052,"La autoridad no es imponerse o hablar duro, es actuar con #legitimidad. Con nuestro plan de choque de 100 d√≠as, recuperaremos la #confianza ciudadana, transformando localidades y reduciendo los √≠ndices de inseguridad.üí™üèôÔ∏è#OviedoCabezaYCoraz√≥n https://t.co/ebmpF1NxS0"
JDOviedoA,1691557168858681563,ü§©‚ö°Ô∏èEsto fue lo que hicimos la semana pasada:
JDOviedoA,1673624459448844288,"If you own a mouse, you will never turn off your computer again."
JDOviedoA,1691544911093334017,RT @JulianArdilaB: Hoy estuvimos en la #SergioArboleda compartiendo el perfil de nuestro candidato @JDOviedoA. Y preguntamos: ¬øQu√© es hoy lo que m√°s necesitan los j√≥venes en Bogot√°?
JDOviedoA,1691544730717351937,Hoy estuvimos en la #SergioArboleda compartiendo el perfil de nuestro candidato @JDOviedoA. Y preguntamos: ¬øQu√© es hoy lo que m√°s necesitan los j√≥venes en Bogot√°?
JDOviedoA,1691544346133204992,"RT @diegoedisson: @CxRamirezMiguel @amparopelaez @JDOviedoA @fceunal @UNALOficial @agaviriau @CamiloMartinezN Dijo Carlos Gardel, La ciencia y el arte no tienen color ni nacionalidad, estamos frente a un Cient√≠fico. Se√±ores progres dos m√°s dos es cuatro. Que viva el principeü§¥"
JDOviedoA,1691544220832559104,"@CxRamirezMiguel @amparopelaez @JDOviedoA @fceunal @UNALOficial @agaviriau @CamiloMartinezN Dijo Carlos Gardel, La ciencia y el arte no tienen color ni nacionalidad, estamos frente a un Cient√≠fico. Se√±ores progres dos m√°s dos es cuatro. Que viva el principeü§¥"
JDOviedoA,1691543896658964480,"RT @MauricioCard: Crecimiento PIB primer semestre: Lo m√°s preocupante. Construcci√≥n negativa de la inversi√≥n al crecimiento. Esto quiere decir que la inversi√≥n no sum√≥ sino que rest√≥, y mucho. https://t.co/6Uzw0p2SEh"
JDOviedoA,1691542744672444416,"Crecimiento PIB primer semestre: Lo m√°s preocupante. Construcci√≥n negativa de la inversi√≥n al crecimiento. Esto quiere decir que la inversi√≥n no sum√≥ sino que rest√≥, y mucho. https://t.co/6Uzw0p2SEh"
JDOviedoA,1691541421109510144,RT @NoticiasCaracol: Hoy se revelaron interesantes resultados de una encuesta sobre percepci√≥n de la educaci√≥n en el pa√≠s. ¬øQu√© tan importante es la formaci√≥n para los hogares y qu√© se pide para mejorar en materia educativa? Aqu√≠ le contamos.
JDOviedoA,1691540994225786880,Hoy se revelaron interesantes resultados de una encuesta sobre percepci√≥n de la educaci√≥n en el pa√≠s. ¬øQu√© tan importante es la formaci√≥n para los hogares y qu√© se pide para mejorar en materia educativa? Aqu√≠ le contamos.
JDOviedoA,1690931176729374720,"En los planes improvisados y en los momentos planeados, Heineken¬Æ es la compa√±√≠a perfecta que siempre est√° lista para disfrutar."
JDOviedoA,1691538209371480066,RT @JDOviedoA: Lo que necesita el sistema de movilidad de #Bogot√° es ser administrada con gesti√≥n de conocimiento.
JDOviedoA,1690918136965451776,Lo que necesita el sistema de movilidad de #Bogot√° es ser administrada con gesti√≥n de conocimiento.
JDOviedoA,1691536824261296129,RT @MauricioCard: Miren la producci√≥n industrial y las ventas del comercio en junio. Son la antesala de malos datos de PIB segundo trimestre que salen ma√±ana. El panorama se est√° tensionando lo obligar√° al gobierno a enfocarse en la econom√≠a. https://t.co/vpCk4UYItZ
JDOviedoA,1691163300883578880,Miren la producci√≥n industrial y las ventas del comercio en junio. Son la antesala de malos datos de PIB segundo trimestre que salen ma√±ana. El panorama se est√° tensionando lo obligar√° al gobierno a enfocarse en la econom√≠a. https://t.co/vpCk4UYItZ
JDOviedoA,1691536244625321984,"RT @JDOviedoA: #YBogot√°Qu√©: nuestra ciudad debe trabajar 24/7, de forma minuciosa, por eso proponemos la Agencia Distrital de Infraestructura."
JDOviedoA,1691461947735355393,"#YBogot√°Qu√©: nuestra ciudad debe trabajar 24/7, de forma minuciosa, por eso proponemos la Agencia Distrital de Infraestructura."
JDOviedoA,1691536203621744640,"RT @JDOviedoA: #YBogot√°Qu√©: La #educaci√≥n superior debe ser un derecho para todos. Debemos aprovechar las capacidades institucionales de las Universidades, como la Nacional, y ponerlas al servicio de todos los habitantes en #Bogot√°. #OviedoCabezaYCoraz√≥n"
JDOviedoA,1691472609953636354,"#YBogot√°Qu√©: La #educaci√≥n superior debe ser un derecho para todos. Debemos aprovechar las capacidades institucionales de las Universidades, como la Nacional, y ponerlas al servicio de todos los habitantes en #Bogot√°. #OviedoCabezaYCoraz√≥n"
JDOviedoA,1691534946358140928,"RT @CxRamirezMiguel: Apreciada Amparito , excelente debate vi al Dr @JDOviedoA fluido y elocuente , Si no aprendemos de los errores estamos condenados a repetirlos. Cuando vamos a entender los Bogotanos que no son los colores, los discursos y los partidos que dividen los que generan progreso. Son las propuestas, las ideas y el trabajo disciplinado."
JDOviedoA,1691489577901408256,"Apreciada Amparito , excelente debate vi al Dr @JDOviedoA fluido y elocuente , Si no aprendemos de los errores estamos condenados a repetirlos. Cuando vamos a entender los Bogotanos que no son los colores, los discursos y los partidos que dividen los que generan progreso. Son las propuestas, las ideas y el trabajo disciplinado."
JDOviedoA,1691534914972254208,RT @amparopelaez: @JDOviedoA @CxRamirezMiguel @fceunal @UNALOficial DIOS LO LLEVE CON BIEN DR.
JDOviedoA,1691466861047607296,@JDOviedoA @CxRamirezMiguel @fceunal @UNALOficial DIOS LO LLEVE CON BIEN DR.
JDOviedoA,1691534536335589376,RT @NoticiasCaracol: #ColombiaDecide2023 | Varios candidatos a la Alcald√≠a de Bogot√° participaron en un debate organizado por la Universidad Nacional en el que los estudiantes expresaron sus inquietudes. Le contamos lo que pas√≥.
JDOviedoA,1691533672011218944,#ColombiaDecide2023 | Varios candidatos a la Alcald√≠a de Bogot√° participaron en un debate organizado por la Universidad Nacional en el que los estudiantes expresaron sus inquietudes. Le contamos lo que pas√≥.
JDOviedoA,1691529427471990784,RT @julianclavijoo: @JDOviedoA Total apoyo a estos dos Grandes y  extraordinarios seres humanos .
JDOviedoA,1691435986679365633,@JDOviedoA Total apoyo a estos dos Grandes y  extraordinarios seres humanos .
JDOviedoA,1691529372849549312,"RT @CxRamirezMiguel: @JDOviedoA El Escudero , el apoyo incondicional, el que nunca se rinde y el que supera con toda la valent√≠a este y muchos episodios m√°s , ese es Sebasti√°n, mi gran amigo merece respeto , esos Ciber bullying de la competencia tienen su efecto boomerang @FernanMartinez https://t.co/qU2in97dYq"
JDOviedoA,1691416692151275520,"@JDOviedoA El Escudero , el apoyo incondicional, el que nunca se rinde y el que supera con toda la valent√≠a este y muchos episodios m√°s , ese es Sebasti√°n, mi gran amigo merece respeto , esos Ciber bullying de la competencia tienen su efecto boomerang @FernanMartinez https://t.co/qU2in97dYq"
JDOviedoA,1691529177365647360,"RT @Spoudaiogeloion: @JDOviedoA Cuando entendamos que el bien com√∫n no depende de si eres uribista, santista o petrista, sino de nuestro compromiso con la justicia, la belleza y la verdad, entonces podremos entrar al aut√©ntico √°mbito de la pol√≠tica que nos propone Juan Daniel."
JDOviedoA,1691528770765598722,"@JDOviedoA Cuando entendamos que el bien com√∫n no depende de si eres uribista, santista o petrista, sino de nuestro compromiso con la justicia, la belleza y la verdad, entonces podremos entrar al aut√©ntico √°mbito de la pol√≠tica que nos propone Juan Daniel."
JDOviedoA,1691522981908930560,"RT @JDOviedoA: La inversi√≥n en edificaciones y obras p√∫blicas est√° en m√≠nimos üëÄ. En 2023-II fue de $21.3B,  similar a la de 2012-I.  ¬°11 a√±os de retroceso requieren que @Bogota sea contrapeso econ√≥mico!  Escuchar y resolver con evidencia y sin polarizaci√≥n es el camino üí™#OviedoCabezayCoraz√≥n https://t.co/2rRQZGD4lj"
JDOviedoA,1691522924690239488,"La inversi√≥n en edificaciones y obras p√∫blicas est√° en m√≠nimos üëÄ. En 2023-II fue de $21.3B,  similar a la de 2012-I.  ¬°11 a√±os de retroceso requieren que @Bogota sea contrapeso econ√≥mico!  Escuchar y resolver con evidencia y sin polarizaci√≥n es el camino üí™#OviedoCabezayCoraz√≥n https://t.co/2rRQZGD4lj"
JDOviedoA,1691518684982808577,"RT @JDOviedoA: #EsConDatos: M√°s de tres cuartas partes de microempresas en #Bogot√° son informales. Vamos a fortalecer el financiamiento, servicios empresariales esenciales y tecnolog√≠as de la informaci√≥n para estar #ConTodaPorBogot√° üíõ‚ù§Ô∏è https://t.co/9gvoO6mEZn"
JDOviedoA,1691471265393991681,"#EsConDatos: M√°s de tres cuartas partes de microempresas en #Bogot√° son informales. Vamos a fortalecer el financiamiento, servicios empresariales esenciales y tecnolog√≠as de la informaci√≥n para estar #ConTodaPorBogot√° üíõ‚ù§Ô∏è https://t.co/9gvoO6mEZn"
JDOviedoA,1691510447978004480,RT @JDOviedoA: Es esencial que reconozcamos que los desaf√≠os que enfrenta #Bogot√° trascienden las l√≠neas pol√≠ticas y no se limitan a un debate entre Uribe y Petro. Nuestra ciudad necesita que todos nos escuchemos y solucionemos los problemas reales YA.
JDOviedoA,1691510067655331840,Es esencial que reconozcamos que los desaf√≠os que enfrenta #Bogot√° trascienden las l√≠neas pol√≠ticas y no se limitan a un debate entre Uribe y Petro. Nuestra ciudad necesita que todos nos escuchemos y solucionemos los problemas reales YA.
JDOviedoA,1691809045982667052,"La autoridad no es imponerse o hablar duro, es actuar con #legitimidad. Con nuestro plan de choque de 100 d√≠as, recuperaremos la #confianza ciudadana, transformando localidades y reduciendo los √≠ndices de inseguridad.üí™üèôÔ∏è#OviedoCabezaYCoraz√≥n https://t.co/ebmpF1NxS0"
JDOviedoA,1691488617238081553,"RT @CxRamirezMiguel: Gran nota de @eltiempo donde @JDOviedoA deja clara su postura, no m√°s polarizaci√≥n ni partidismos, el camino del desarrollo debe construirse entre todos con propuestas reales y sin ataques mezquinos. Eso con toda que vamos por #Bogot√° https://t.co/ReOhH2yQue"
JDOviedoA,1691161098584506368,"Gran nota de @eltiempo donde @JDOviedoA deja clara su postura, no m√°s polarizaci√≥n ni partidismos, el camino del desarrollo debe construirse entre todos con propuestas reales y sin ataques mezquinos. Eso con toda que vamos por #Bogot√° https://t.co/ReOhH2yQue"
JDOviedoA,1677317292630347776,"If you own a mouse, you will never turn off your computer again."
JDOviedoA,1691479714756521984,RT @JovenesOviedo: Nuestro candidato @JDOviedoA participa hoy en el Debate organizado por la @UNALOficial.
JDOviedoA,1691449097860087808,Nuestro candidato @JDOviedoA participa hoy en el Debate organizado por la @UNALOficial.
JDOviedoA,1691441325780905984,"üëãüèªHolaaaaa, los invito a que me acompa√±en en el debate ¬ø#YBogot√°Qu√©? en la @FCEUNAL. Seguimos presentando nuestra propuesta para lograr una nueva forma de gobernar a #Bogot√° ü§©‚ö°Ô∏è"
JDOviedoA,1691471265393991681,"#EsConDatos: M√°s de tres cuartas partes de microempresas en #Bogot√° son informales. Vamos a fortalecer el financiamiento, servicios empresariales esenciales y tecnolog√≠as de la informaci√≥n para estar #ConTodaPorBogot√° üíõ‚ù§Ô∏è https://t.co/9gvoO6mEZn"
JDOviedoA,1691472609953636354,"#YBogot√°Qu√©: La #educaci√≥n superior debe ser un derecho para todos. Debemos aprovechar las capacidades institucionales de las Universidades, como la Nacional, y ponerlas al servicio de todos los habitantes en #Bogot√°. #OviedoCabezaYCoraz√≥n"
JDOviedoA,1691466915146010624,"RT @JDOviedoA: üëãüèªHolaaaaa, los invito a que me acompa√±en en el debate ¬ø#YBogot√°Qu√©? en la @FCEUNAL. Seguimos presentando nuestra propuesta para lograr una nueva forma de gobernar a #Bogot√° ü§©‚ö°Ô∏è"
JDOviedoA,1691427569994813440,"RT @JDOviedoA: As√≠ fueron las 24 horas #ConTodaPorBogot√°: recorriendo los barrios, escuchando problemas y necesidades de las personas."
JDOviedoA,1691135918776659976,"As√≠ fueron las 24 horas #ConTodaPorBogot√°: recorriendo los barrios, escuchando problemas y necesidades de las personas."
JDOviedoA,1690931176846872576,"Es solo una reuni√≥n, hasta que llevas Heineken¬Æ. Menciona a ese amigo que convierte todo en una fiesta."
JDOviedoA,1691426910692077568,"RT @JDOviedoA: En #Salud debemos #construir sobre lo construido: fortalecer atenci√≥n primaria e infraestructura hospitalaria para garantizar un mecanismo de inclusi√≥n en #Bogot√°. Debemos ser ejemplo de salud interseccional, prevenci√≥n y acci√≥n."
JDOviedoA,1690923803210076161,"En #Salud debemos #construir sobre lo construido: fortalecer atenci√≥n primaria e infraestructura hospitalaria para garantizar un mecanismo de inclusi√≥n en #Bogot√°. Debemos ser ejemplo de salud interseccional, prevenci√≥n y acci√≥n."
JDOviedoA,1691418075541753857,"RT @JDOviedoA: üëãüèºHolaaaa, va agenda donde estaremos, con la #Energ√≠aVoluntaria y Parches, entregando nuestro peri√≥dico, dando a conocer mi experiencia que quiero poner al servicio de #Bogot√°, y la nueva forma de gobernar que queremos para la ciudad."
JDOviedoA,1691417689263116288,"üëãüèºHolaaaa, va agenda donde estaremos, con la #Energ√≠aVoluntaria y Parches, entregando nuestro peri√≥dico, dando a conocer mi experiencia que quiero poner al servicio de #Bogot√°, y la nueva forma de gobernar que queremos para la ciudad."
JDOviedoA,1691415094175916032,"RT @JDOviedoA: En @RevistaSemana presentamos nuestras propuestas basadas en evidencia: Seguridad, Movilidad, y Salud. Mas soluciones, menos polarizaci√≥n, #EsConDatos."
JDOviedoA,1691201919702687744,"En @RevistaSemana presentamos nuestras propuestas basadas en evidencia: Seguridad, Movilidad, y Salud. Mas soluciones, menos polarizaci√≥n, #EsConDatos."
JDOviedoA,1691384947087450112,"RT @CarlosFGalan: @JDOviedoA Mi solidaridad, Juan Daniel. La pol√≠tica no debe ser violenta y los ataques personales no deben ser parte de la campa√±a, mucho menos los dirigidos a las familias. Sin odios y con respeto es que cambiamos esta ciudad."
JDOviedoA,1691246555850747904,"@JDOviedoA Mi solidaridad, Juan Daniel. La pol√≠tica no debe ser violenta y los ataques personales no deben ser parte de la campa√±a, mucho menos los dirigidos a las familias. Sin odios y con respeto es que cambiamos esta ciudad."
JDOviedoA,1691280101676142593,RT @cespedeslinam: Recomendad√≠sima esta entrevista de Mar√≠a Isabel Rueda @JDOviedoA
JDOviedoA,1691279977075920898,Recomendad√≠sima esta entrevista de Mar√≠a Isabel Rueda @JDOviedoA
JDOviedoA,1691079891251269633,"La credibilidad es un insumo muy importante para poder generar #confianza. Insisto: yo voy #ConTodaPorBogot√° a ser alcalde, y a #resolver los problemas de seguridad, movilidad y pobreza."
JDOviedoA,1691258294151606272,RT @RedMasNoticias: #Entrevistaüî¥ | ¬øCu√°l es la hoja de ruta para llegar a la Alcald√≠a de @Bogota?
JDOviedoA,1691226487041482752,#Entrevistaüî¥ | ¬øCu√°l es la hoja de ruta para llegar a la Alcald√≠a de @Bogota?
JDOviedoA,1691258214547877888,"RT @RedMasNoticias: #AlPuntoüìç | ""En parte de Bosa estar√° buena parte del futuro de Bogot√°"""
JDOviedoA,1691256260228759553,"#AlPuntoüìç | ""En parte de Bosa estar√° buena parte del futuro de Bogot√°"""
JDOviedoA,1691257854198464512,"RT @Gabomacia: ‚ÄòYo quiero ser alcalde, no armar partidos pol√≠ticos‚Äô: Juan Daniel Oviedo https://t.co/yuhYLpv3vG a trav√©s de @eltiempo"
JDOviedoA,1691110948390776834,"‚ÄòYo quiero ser alcalde, no armar partidos pol√≠ticos‚Äô: Juan Daniel Oviedo https://t.co/yuhYLpv3vG a trav√©s de @eltiempo"
JDOviedoA,1691257728482570240,"RT @fansOviedoJuanD: Que bueno ver a un profesional, t√©cnico, responsable, √©tico, disciplinado, riguroso, apegado a la ley y a la norma, en verdad que no solo debe ser cohersitivo, tambi√©n se debe ense√±ar, debe haber corresponsabilidad, veo en @JDOviedoA ese gran ser humano, alcalde de @Bogota  vamos https://t.co/x2PGW2LyJi"
JDOviedoA,1691239388527685632,"Que bueno ver a un profesional, t√©cnico, responsable, √©tico, disciplinado, riguroso, apegado a la ley y a la norma, en verdad que no solo debe ser cohersitivo, tambi√©n se debe ense√±ar, debe haber corresponsabilidad, veo en @JDOviedoA ese gran ser humano, alcalde de @Bogota  vamos https://t.co/x2PGW2LyJi"
